0,1,2,3,4,5,6
frame,frame_time,sum_time,frame_fps,avg_fps,num_detected_signs,detected_signs
1,2.5213107,2.5213107,0.4,0.4,3,['Gefahrenstelle' 'Fahrtrichtung geradeaus' 'Vorfahrt gewšhren']
2,0.0885681,2.6098787999999997,11.3,0.8,3,['Max. 30km/h' 'Max. 100km/h' 'Unebene Fahrbahn']
3,0.0876398,2.6975185999999995,11.4,1.1,3,['Kinder' 'Max. 80km/h' 'Kurve rechts']
4,0.1969278,2.8944463999999996,5.1,1.4,4,"['Kinder' 'Max. 100km/h' 'Ende aller Geschw. Und ‹berholverbote'
 'Unebene Fahrbahn']"
5,0.0856181,2.9800644999999997,11.7,1.7,3,['Unebene Fahrbahn' 'Kreisverkehr' 'Max. 70km/h']
6,0.0851779,3.0652424,11.7,2.0,4,"['Max. 100km/h' 'Unebene Fahrbahn' '‹berholverbot fŁr Fzg > 3,5t'
 'Unebene Fahrbahn']"
7,0.0866782,3.1519206,11.5,2.2,4,['Einfahrt Verboten' 'Max. 50km/h' 'Unebene Fahrbahn' 'Ueberholverbot']
8,0.089405,3.2413256,11.2,2.5,4,['Unebene Fahrbahn' 'Kreisverkehr' 'Unebene Fahrbahn' 'Max. 80km/h']
9,0.0835491,3.3248747,12.0,2.7,4,['Max. 80km/h' 'Unebene Fahrbahn' 'Ueberholverbot' 'Vorfahrt']
10,0.0840497,3.4089244,11.9,2.9,4,['Max. 30km/h' 'Fahrtrichtung geradeaus' 'Lichtzeichenanlage' 'Radfahrer']
11,0.085595,3.4945194,11.7,3.1,4,['Max. 30km/h' 'Unebene Fahrbahn' 'Fahrtrichtung geradeaus' 'Radfahrer']
12,0.0840317,3.5785511000000003,11.9,3.4,4,['Max. 100km/h' 'Unebene Fahrbahn' 'Radfahrer' 'Max. 30km/h']
13,0.0856278,3.6641789000000005,11.7,3.5,4,"['‹berholverbot fŁr Fzg > 3,5t' 'Max. 100km/h' 'Unebene Fahrbahn'
 'Radfahrer']"
14,0.0858394,3.7500183000000002,11.6,3.7,4,['Rechts verengte Fahrbahn' 'Max. 80km/h' 'Unebene Fahrbahn' 'Max. 70km/h']
15,0.0841419,3.8341602000000004,11.9,3.9,4,['Kurve links' 'Max. 100km/h' 'Unebene Fahrbahn' 'Max. 100km/h']
16,0.0842094,3.9183696000000006,11.9,4.1,4,"['Max. 100km/h' 'Unebene Fahrbahn' 'Max. 100km/h'
 'Rechts verengte Fahrbahn']"
17,0.0848716,4.003241200000001,11.8,4.2,4,['Unebene Fahrbahn' 'Radfahrer' 'Max. 50km/h' 'Fahrtrichtung rechts']
18,0.0873367,4.0905779,11.4,4.4,4,"['Unebene Fahrbahn' 'Max. 50km/h' 'Fahrtrichtung rechts'
 'Unebene Fahrbahn']"
19,0.0835104,4.1740883,12.0,4.6,4,['Max. 100km/h' 'Unebene Fahrbahn' 'Max. 100km/h' 'Unebene Fahrbahn']
20,0.0834892,4.2575775,12.0,4.7,4,['Max. 100km/h' 'Unebene Fahrbahn' 'Unebene Fahrbahn' 'Max. 100km/h']
21,0.0915002,4.3490777,10.9,4.8,4,['Max. 100km/h' 'Unebene Fahrbahn' 'Max. 100km/h' 'Unebene Fahrbahn']
22,0.0866097,4.4356874,11.5,5.0,4,['Max. 100km/h' 'Max. 100km/h' 'Unebene Fahrbahn' 'Fahrtrichtung links']
23,0.0851819,4.5208693,11.7,5.1,4,['Max. 30km/h' 'Max. 100km/h' 'Unebene Fahrbahn' 'Unebene Fahrbahn']
24,0.0846645,4.6055338,11.8,5.2,4,['Max. 100km/h' 'Max. 100km/h' 'Unebene Fahrbahn' 'Unebene Fahrbahn']
25,0.0870121,4.6925459,11.5,5.3,4,['Max. 100km/h' 'Max. 100km/h' 'Fahrtrichtung links' 'Unebene Fahrbahn']
26,0.0844032,4.7769490999999995,11.8,5.4,4,['Max. 100km/h' 'Max. 100km/h' 'Unebene Fahrbahn' 'Unebene Fahrbahn']
27,0.0844226,4.861371699999999,11.8,5.6,4,['Max. 100km/h' 'Unebene Fahrbahn' 'Unebene Fahrbahn' 'Max. 100km/h']
28,0.0882049,4.949576599999999,11.3,5.7,4,['Unebene Fahrbahn' 'Max. 100km/h' 'Max. 100km/h' 'Unebene Fahrbahn']
29,0.0865507,5.0361272999999995,11.6,5.8,4,['Max. 100km/h' 'Unebene Fahrbahn' 'Max. 100km/h' 'Radfahrer']
30,0.0850386,5.121165899999999,11.8,5.9,4,['Fahrtrichtung links' 'Max. 100km/h' 'Unebene Fahrbahn' 'Max. 100km/h']
31,0.0889872,5.210153099999999,11.2,5.9,4,['Fahrtrichtung links' 'Fahrtrichtung links' 'Max. 100km/h' 'Max. 50km/h']
32,0.0878629,5.298016,11.4,6.0,4,['Radfahrer' 'Max. 100km/h' 'Fahrtrichtung links' 'Max. 100km/h']
33,0.0847283,5.3827443,11.8,6.1,4,['Max. 100km/h' 'Fahrtrichtung links' 'Max. 100km/h' 'Unebene Fahrbahn']
34,0.0851107,5.467855,11.7,6.2,4,['Unebene Fahrbahn' 'Fahrtrichtung links' 'Max. 100km/h' 'Max. 100km/h']
35,0.0868887,5.5547437,11.5,6.3,4,['Fahrtrichtung links' 'Radfahrer' 'Max. 100km/h' 'Max. 100km/h']
36,0.0845535,5.639297200000001,11.8,6.4,4,['Wildwechsel' 'Unebene Fahrbahn' 'Max. 100km/h' 'Max. 50km/h']
37,0.0850235,5.724320700000001,11.8,6.5,4,['Fahrtrichtung links' 'Unebene Fahrbahn' 'Max. 100km/h' 'Max. 100km/h']
38,0.0867121,5.8110328,11.5,6.5,4,['Unebene Fahrbahn' 'Unebene Fahrbahn' 'Max. 100km/h' 'Max. 100km/h']
39,0.0881597,5.899192500000001,11.3,6.6,4,['Schnee-/Eisglštte' 'Max. 100km/h' 'Unebene Fahrbahn' 'Max. 100km/h']
40,0.0934847,5.992677200000001,10.7,6.7,4,['Max. 100km/h' 'Unebene Fahrbahn' 'Max. 100km/h' 'Unebene Fahrbahn']
41,0.0852831,6.077960300000001,11.7,6.7,4,['Max. 50km/h' 'Links vorbeifahren' 'Unebene Fahrbahn' 'Unebene Fahrbahn']
42,0.0877367,6.165697000000001,11.4,6.8,4,"['Max. 100km/h' 'Fahrtrichtung geradeaus oder links' 'Unebene Fahrbahn'
 'Unebene Fahrbahn']"
43,0.0846781,6.2503751,11.8,6.9,4,['Max. 100km/h' 'Links vorbeifahren' 'Wildwechsel' 'Unebene Fahrbahn']
44,0.0867728,6.337147900000001,11.5,6.9,4,['Max. 50km/h' 'Max. 100km/h' 'Radfahrer' 'Arbeitsstelle']
45,0.0855979,6.4227458,11.7,7.0,4,['Max. 100km/h' 'Max. 100km/h' 'Unebene Fahrbahn' 'Radfahrer']
46,0.0871301,6.509875900000001,11.5,7.1,4,['Max. 100km/h' 'Schnee-/Eisglštte' 'Unebene Fahrbahn' 'Unebene Fahrbahn']
47,0.0931807,6.6030566,10.7,7.1,3,['Max. 50km/h' 'Unebene Fahrbahn' 'Rechts vorbeifahren']
48,0.1327803,6.735836900000001,7.5,7.1,2,['Max. 50km/h' 'Unebene Fahrbahn']
49,0.0846345,6.820471400000001,11.8,7.2,2,['Max. 100km/h' 'Unebene Fahrbahn']
50,0.0836055,6.904076900000001,12.0,7.2,2,['Rechts vorbeifahren' 'Fahrtrichtung rechts']
51,0.0487953,6.952872200000001,20.5,7.3,0,[]
52,0.049417,7.002289200000001,20.2,7.4,0,[]
53,0.0494825,7.051771700000001,20.2,7.5,0,[]
54,0.0505766,7.102348300000001,19.8,7.6,0,[]
55,0.049706,7.1520543000000005,20.1,7.7,0,[]
56,0.049784,7.2018383,20.1,7.8,0,[]
57,0.0501394,7.2519777,19.9,7.9,0,[]
58,0.0496396,7.3016173,20.1,7.9,0,[]
59,0.0494761,7.3510934,20.2,8.0,0,[]
60,0.0498677,7.4009611,20.1,8.1,0,[]
61,0.0492659,7.450227,20.3,8.2,0,[]
62,0.0497114,7.4999384,20.1,8.3,0,[]
63,0.0487477,7.548686099999999,20.5,8.3,0,[]
64,0.0485966,7.597282699999999,20.6,8.4,0,[]
65,0.0491844,7.646467099999999,20.3,8.5,0,[]
66,0.049272,7.695739099999999,20.3,8.6,0,[]
67,0.0495715,7.745310599999999,20.2,8.7,0,[]
68,0.0498182,7.795128799999999,20.1,8.7,0,[]
69,0.0500673,7.845196099999999,20.0,8.8,0,[]
70,0.0505154,7.895711499999999,19.8,8.9,0,[]
71,0.0500687,7.945780199999999,20.0,8.9,0,[]
72,0.0505005,7.996280699999999,19.8,9.0,0,[]
73,0.0497811,8.046061799999999,20.1,9.1,0,[]
74,0.0500846,8.096146399999999,20.0,9.1,0,[]
75,0.0504561,8.146602499999998,19.8,9.2,0,[]
76,0.0498793,8.196481799999999,20.0,9.3,0,[]
77,0.0497969,8.2462787,20.1,9.3,0,[]
78,0.0497835,8.2960622,20.1,9.4,0,[]
79,0.0485551,8.3446173,20.6,9.5,0,[]
80,0.0487518,8.3933691,20.5,9.5,0,[]
81,0.0490778,8.442446899999998,20.4,9.6,0,[]
82,0.0491711,8.491617999999999,20.3,9.7,0,[]
83,0.0497426,8.541360599999999,20.1,9.7,0,[]
84,0.0500325,8.5913931,20.0,9.8,0,[]
85,0.0502216,8.6416147,19.9,9.8,0,[]
86,0.0498101,8.6914248,20.1,9.9,0,[]
87,0.049837,8.7412618,20.1,10.0,0,[]
88,0.0504842,8.791746,19.8,10.0,0,[]
89,0.0498488,8.8415948,20.1,10.1,0,[]
90,0.050229,8.8918238,19.9,10.1,0,[]
91,0.0499524,8.9417762,20.0,10.2,0,[]
92,0.0500198,8.991795999999999,20.0,10.2,0,[]
93,0.0498457,9.0416417,20.1,10.3,0,[]
94,0.0503847,9.0920264,19.8,10.3,0,[]
95,0.048864,9.1408904,20.5,10.4,0,[]
96,0.0487109,9.1896013,20.5,10.4,0,[]
97,0.0491202,9.2387215,20.4,10.5,0,[]
98,0.1289854,9.3677069,7.8,10.5,1,['Verbot aller Fahrzeuge']
99,0.0494416,9.4171485,20.2,10.5,0,[]
100,0.0501444,9.4672929,19.9,10.6,0,[]
101,0.0497962,9.5170891,20.1,10.6,0,[]
102,0.0502282,9.5673173,19.9,10.7,0,[]
103,0.0501119,9.617429199999998,20.0,10.7,0,[]
104,0.050026,9.6674552,20.0,10.8,0,[]
105,0.0502176,9.717672799999999,19.9,10.8,0,[]
106,0.0498875,9.7675603,20.0,10.9,0,[]
107,0.0498358,9.8173961,20.1,10.9,0,[]
108,0.0499366,9.8673327,20.0,10.9,0,[]
109,0.084017,9.9513497,11.9,11.0,1,['Max. 80km/h']
110,0.0879653,10.039315,11.4,11.0,1,['Max. 80km/h']
111,0.0848843,10.1241993,11.8,11.0,1,['Max. 50km/h']
112,0.0860264,10.2102257,11.6,11.0,1,['Max. 80km/h']
113,0.0948668,10.3050925,10.5,11.0,1,['Max. 80km/h']
114,0.0847757,10.3898682,11.8,11.0,1,['Max. 80km/h']
115,0.0855677,10.4754359,11.7,11.0,1,['Max. 80km/h']
116,0.0863114,10.5617473,11.6,11.0,1,['Max. 80km/h']
117,0.0885219,10.6502692,11.3,11.0,1,['Max. 80km/h']
118,0.0871159,10.737385100000001,11.5,11.0,1,['Max. 80km/h']
119,0.0842455,10.8216306,11.9,11.0,1,['Max. 80km/h']
120,0.0864622,10.9080928,11.6,11.0,1,['Max. 80km/h']
121,0.0856193,10.9937121,11.7,11.0,1,['Max. 80km/h']
122,0.049335,11.043047099999999,20.3,11.0,0,[]
123,0.0866906,11.1297377,11.5,11.1,1,['Max. 120km/h']
124,0.0860906,11.2158283,11.6,11.1,1,['Max. 60km/h']
125,0.0885614,11.3043897,11.3,11.1,2,['Max. 100km/h' 'Ueberholverbot']
126,0.0870401,11.3914298,11.5,11.1,2,['Max. 100km/h' 'Max. 80km/h']
127,0.085717,11.4771468,11.7,11.1,2,['Max. 80km/h' 'Max. 80km/h']
128,0.0878521,11.564998899999999,11.4,11.1,2,['Max. 80km/h' 'Max. 50km/h']
129,0.0867857,11.6517846,11.5,11.1,2,['Max. 80km/h' 'Max. 50km/h']
130,0.0850044,11.736789,11.8,11.1,2,['Max. 80km/h' 'Kreisverkehr']
131,0.0847412,11.8215302,11.8,11.1,2,['Max. 80km/h' 'Max. 100km/h']
132,0.0883752,11.9099054,11.3,11.1,2,['Max. 80km/h' 'Max. 80km/h']
133,0.089115,11.9990204,11.2,11.1,2,['Max. 80km/h' 'Max. 60km/h']
134,0.085667,12.0846874,11.7,11.1,2,['Max. 80km/h' 'Max. 80km/h']
135,0.0956659,12.1803533,10.5,11.1,2,['Max. 100km/h' 'Max. 80km/h']
136,0.0861597,12.266513,11.6,11.1,2,['Max. 80km/h' 'Max. 100km/h']
137,0.0862048,12.3527178,11.6,11.1,2,['Max. 80km/h' 'Max. 100km/h']
138,0.0863103,12.4390281,11.6,11.1,2,['Max. 80km/h' 'Ueberholverbot']
139,0.0898198,12.5288479,11.1,11.1,2,['Ueberholverbot' 'Ueberholverbot']
140,0.0853493,12.614197200000001,11.7,11.1,2,['Max. 80km/h' 'Max. 80km/h']
141,0.0840604,12.698257600000002,11.9,11.1,2,['Max. 100km/h' 'Max. 80km/h']
142,0.0876865,12.785944100000002,11.4,11.1,2,['Max. 80km/h' 'Max. 80km/h']
143,0.0864573,12.872401400000001,11.6,11.1,2,['Fahrtrichtung geradeaus oder links' 'Max. 80km/h']
144,0.086286,12.9586874,11.6,11.1,2,['Max. 80km/h' 'Max. 60km/h']
145,0.0864902,13.0451776,11.6,11.1,2,['Max. 60km/h' 'Max. 60km/h']
146,0.088764,13.1339416,11.3,11.1,2,['Max. 60km/h' 'Max. 80km/h']
147,0.0860668,13.2200084,11.6,11.1,2,['Max. 80km/h' 'Max. 80km/h']
148,0.086972,13.306980399999999,11.5,11.1,2,['Max. 60km/h' 'Max. 80km/h']
149,0.1170411,13.424021499999998,8.5,11.1,2,['Max. 60km/h' 'Max. 80km/h']
150,0.0858456,13.5098671,11.6,11.1,2,['Max. 60km/h' 'Kinder']
151,0.0849171,13.5947842,11.8,11.1,1,['Max. 60km/h']
152,0.0839867,13.6787709,11.9,11.1,1,['Max. 100km/h']
153,0.0874504,13.7662213,11.4,11.1,1,['Max. 80km/h']
154,0.0853863,13.8516076,11.7,11.1,1,['Rutschgefahr']
155,0.0502744,13.901881999999999,19.9,11.1,0,[]
156,0.0504316,13.952313599999998,19.8,11.2,0,[]
157,0.0503697,14.002683299999998,19.9,11.2,0,[]
158,0.0503062,14.052989499999997,19.9,11.2,0,[]
159,0.0498504,14.102839899999998,20.1,11.3,0,[]
160,0.0500984,14.152938299999997,20.0,11.3,0,[]
161,0.0501561,14.203094399999998,19.9,11.3,0,[]
162,0.0511974,14.254291799999997,19.5,11.4,0,[]
163,0.0490255,14.303317299999998,20.4,11.4,0,[]
164,0.0490746,14.352391899999999,20.4,11.4,0,[]
165,0.049254,14.401645899999998,20.3,11.5,0,[]
166,0.0505575,14.452203399999998,19.8,11.5,0,[]
167,0.0504746,14.502677999999998,19.8,11.5,0,[]
168,0.0504829,14.553160899999998,19.8,11.5,0,[]
169,0.050377,14.603537899999997,19.9,11.6,0,[]
170,0.0501684,14.653706299999998,19.9,11.6,0,[]
171,0.0502291,14.703935399999997,19.9,11.6,0,[]
172,0.0501454,14.754080799999997,19.9,11.7,0,[]
173,0.0508262,14.804906999999996,19.7,11.7,0,[]
174,0.0504451,14.855352099999996,19.8,11.7,0,[]
175,0.0504798,14.905831899999995,19.8,11.7,0,[]
176,0.0502597,14.956091599999995,19.9,11.8,0,[]
177,0.0503144,15.006405999999995,19.9,11.8,0,[]
178,0.0487488,15.055154799999995,20.5,11.8,0,[]
179,0.050877,15.106031799999995,19.7,11.8,0,[]
180,0.0493628,15.155394599999996,20.3,11.9,0,[]
181,0.0500753,15.205469899999995,20.0,11.9,0,[]
182,0.0501848,15.255654699999996,19.9,11.9,0,[]
183,0.0503031,15.305957799999996,19.9,12.0,0,[]
184,0.049842,15.355799799999996,20.1,12.0,0,[]
185,0.0497091,15.405508899999996,20.1,12.0,0,[]
186,0.0499812,15.455490099999995,20.0,12.0,0,[]
187,0.0501977,15.505687799999995,19.9,12.1,0,[]
188,0.0499918,15.555679599999996,20.0,12.1,0,[]
189,0.0498899,15.605569499999996,20.0,12.1,0,[]
190,0.0500215,15.655590999999996,20.0,12.1,0,[]
191,0.0500066,15.705597599999995,20.0,12.2,0,[]
192,0.0503713,15.755968899999996,19.9,12.2,0,[]
193,0.0502177,15.806186599999995,19.9,12.2,0,[]
194,0.0489469,15.855133499999996,20.4,12.2,0,[]
195,0.0489974,15.904130899999995,20.4,12.3,0,[]
196,0.0486956,15.952826499999995,20.5,12.3,0,[]
197,0.0497909,16.002617399999995,20.1,12.3,0,[]
198,0.050117,16.052734399999995,20.0,12.3,0,[]
199,0.0504961,16.103230499999995,19.8,12.4,0,[]
200,0.0501852,16.153415699999996,19.9,12.4,0,[]
201,0.0498833,16.203298999999998,20.0,12.4,0,[]
202,0.0503858,16.2536848,19.8,12.4,0,[]
203,0.0503992,16.304084,19.8,12.5,0,[]
204,0.0500913,16.354175299999998,20.0,12.5,0,[]
205,0.050253,16.4044283,19.9,12.5,0,[]
206,0.0500704,16.4544987,20.0,12.5,0,[]
207,0.0502196,16.504718299999997,19.9,12.5,0,[]
208,0.0502766,16.554994899999997,19.9,12.6,0,[]
209,0.0503418,16.6053367,19.9,12.6,0,[]
210,0.0487321,16.654068799999997,20.5,12.6,0,[]
211,0.0487211,16.7027899,20.5,12.6,0,[]
212,0.0492085,16.751998399999998,20.3,12.7,0,[]
213,0.0497378,16.801736199999997,20.1,12.7,0,[]
214,0.0501188,16.851854999999997,20.0,12.7,0,[]
215,0.0500288,16.901883799999997,20.0,12.7,0,[]
216,0.0856239,16.9875077,11.7,12.7,1,['Arbeitsstelle']
217,0.0501744,17.037682099999998,19.9,12.7,0,[]
218,0.0872019,17.124883999999998,11.5,12.7,1,['Ende aller Geschw. Und ‹berholverbote']
219,0.0862554,17.211139399999997,11.6,12.7,1,['Fahrtrichtung geradeaus oder links']
220,0.050514,17.261653399999997,19.8,12.7,0,[]
221,0.0502382,17.311891599999996,19.9,12.8,0,[]
222,0.0502379,17.362129499999995,19.9,12.8,0,[]
223,0.050622,17.412751499999995,19.8,12.8,0,[]
224,0.048719,17.461470499999994,20.5,12.8,0,[]
225,0.0501642,17.511634699999995,19.9,12.8,0,[]
226,0.0488753,17.560509999999994,20.5,12.9,0,[]
227,0.0500398,17.610549799999994,20.0,12.9,0,[]
228,0.0504161,17.660965899999994,19.8,12.9,0,[]
229,0.0505839,17.711549799999993,19.8,12.9,0,[]
230,0.0502246,17.761774399999993,19.9,12.9,0,[]
231,0.0503953,17.812169699999995,19.8,13.0,0,[]
232,0.0504384,17.862608099999996,19.8,13.0,0,[]
233,0.0504762,17.913084299999994,19.8,13.0,0,[]
234,0.0501119,17.963196199999995,20.0,13.0,0,[]
235,0.0503089,18.013505099999996,19.9,13.0,0,[]
236,0.0501153,18.063620399999998,20.0,13.1,0,[]
237,0.0505788,18.114199199999998,19.8,13.1,0,[]
238,0.0505314,18.1647306,19.8,13.1,0,[]
239,0.0507553,18.215485899999997,19.7,13.1,0,[]
240,0.0488208,18.2643067,20.5,13.1,0,[]
241,0.0492336,18.3135403,20.3,13.2,0,[]
242,0.0503083,18.3638486,19.9,13.2,0,[]
243,0.0504209,18.4142695,19.8,13.2,0,[]
244,0.0503285,18.464598,19.9,13.2,0,[]
245,0.0504043,18.5150023,19.8,13.2,0,[]
246,0.0504448,18.5654471,19.8,13.3,0,[]
247,0.050387,18.6158341,19.8,13.3,0,[]
248,0.0506023,18.666436400000002,19.8,13.3,0,[]
249,0.0502537,18.7166901,19.9,13.3,0,[]
250,0.0502208,18.766910900000003,19.9,13.3,0,[]
251,0.0501844,18.817095300000002,19.9,13.3,0,[]
252,0.0501401,18.867235400000002,19.9,13.4,0,[]
253,0.0501834,18.917418800000004,19.9,13.4,0,[]
254,0.0504336,18.967852400000005,19.8,13.4,0,[]
255,0.0499905,19.017842900000005,20.0,13.4,0,[]
256,0.0485543,19.066397200000004,20.6,13.4,0,[]
257,0.0490466,19.115443800000005,20.4,13.4,0,[]
258,0.0498664,19.165310200000004,20.1,13.5,0,[]
259,0.0506674,19.215977600000002,19.7,13.5,0,[]
260,0.050303,19.2662806,19.9,13.5,0,[]
261,0.0503099,19.3165905,19.9,13.5,0,[]
262,0.0503636,19.3669541,19.9,13.5,0,[]
263,0.0506644,19.4176185,19.7,13.5,0,[]
264,0.0503126,19.4679311,19.9,13.6,0,[]
265,0.050244,19.5181751,19.9,13.6,0,[]
266,0.0507278,19.5689029,19.7,13.6,0,[]
267,0.0504046,19.6193075,19.8,13.6,0,[]
268,0.0504033,19.6697108,19.8,13.6,0,[]
269,0.0501542,19.719865000000002,19.9,13.6,0,[]
270,0.0502381,19.770103100000004,19.9,13.7,0,[]
271,0.0507173,19.820820400000002,19.7,13.7,0,[]
272,0.0491502,19.869970600000002,20.3,13.7,0,[]
273,0.0494298,19.9194004,20.2,13.7,0,[]
274,0.0499147,19.9693151,20.0,13.7,0,[]
275,0.0502312,20.0195463,19.9,13.7,0,[]
276,0.0501283,20.0696746,19.9,13.8,0,[]
277,0.0498392,20.1195138,20.1,13.8,0,[]
278,0.0503428,20.1698566,19.9,13.8,0,[]
279,0.0506042,20.220460799999998,19.8,13.8,0,[]
280,0.0505995,20.2710603,19.8,13.8,0,[]
281,0.0502041,20.321264399999997,19.9,13.8,0,[]
282,0.0502135,20.3714779,19.9,13.8,0,[]
283,0.0505568,20.422034699999998,19.8,13.9,0,[]
284,0.0504503,20.472485,19.8,13.9,0,[]
285,0.050585,20.52307,19.8,13.9,0,[]
286,0.0503758,20.573445800000002,19.9,13.9,0,[]
287,0.048989,20.6224348,20.4,13.9,0,[]
288,0.0490424,20.6714772,20.4,13.9,0,[]
289,0.0495297,20.721006900000003,20.2,13.9,0,[]
290,0.0504253,20.771432200000003,19.8,14.0,0,[]
291,0.0505727,20.822004900000003,19.8,14.0,0,[]
292,0.0505937,20.872598600000003,19.8,14.0,0,[]
293,0.0502135,20.922812100000005,19.9,14.0,0,[]
294,0.0500267,20.972838800000005,20.0,14.0,0,[]
295,0.0504866,21.023325400000004,19.8,14.0,0,[]
296,0.0504236,21.073749000000003,19.8,14.0,0,[]
297,0.0506123,21.124361300000004,19.8,14.1,0,[]
298,0.0500911,21.174452400000003,20.0,14.1,0,[]
299,0.0503213,21.224773700000004,19.9,14.1,0,[]
300,0.0499386,21.274712300000004,20.0,14.1,0,[]
301,0.0503634,21.325075700000003,19.9,14.1,0,[]
302,0.0504209,21.3754966,19.8,14.1,0,[]
303,0.0490441,21.4245407,20.4,14.1,0,[]
304,0.0490507,21.4735914,20.4,14.2,0,[]
305,0.0495687,21.5231601,20.2,14.2,0,[]
306,0.0506889,21.573849,19.7,14.2,0,[]
307,0.0505699,21.6244189,19.8,14.2,0,[]
308,0.0504562,21.674875099999998,19.8,14.2,0,[]
309,0.0502981,21.725173199999997,19.9,14.2,0,[]
310,0.0512062,21.776379399999996,19.5,14.2,0,[]
311,0.0527372,21.829116599999995,19.0,14.2,0,[]
312,0.0504368,21.879553399999995,19.8,14.3,0,[]
313,0.0502401,21.929793499999995,19.9,14.3,0,[]
314,0.0506166,21.980410099999997,19.8,14.3,0,[]
315,0.050612,22.031022099999998,19.8,14.3,0,[]
316,0.0506344,22.081656499999998,19.7,14.3,0,[]
317,0.0503332,22.1319897,19.9,14.3,0,[]
318,0.0511067,22.183096399999997,19.6,14.3,0,[]
319,0.048822,22.231918399999998,20.5,14.3,0,[]
320,0.0493223,22.281240699999998,20.3,14.4,0,[]
321,0.0500374,22.3312781,20.0,14.4,0,[]
322,0.0503717,22.381649799999998,19.9,14.4,0,[]
323,0.0502343,22.431884099999998,19.9,14.4,0,[]
324,0.0504999,22.482383999999996,19.8,14.4,0,[]
325,0.0505822,22.532966199999997,19.8,14.4,0,[]
326,0.0505321,22.5834983,19.8,14.4,0,[]
327,0.0505711,22.634069399999998,19.8,14.4,0,[]
328,0.0501715,22.6842409,19.9,14.5,0,[]
329,0.0502099,22.734450799999998,19.9,14.5,0,[]
330,0.050588,22.7850388,19.8,14.5,0,[]
331,0.0521918,22.837230599999998,19.2,14.5,0,[]
332,0.0506348,22.8878654,19.7,14.5,0,[]
333,0.0503554,22.9382208,19.9,14.5,0,[]
334,0.0497262,22.987947,20.1,14.5,0,[]
335,0.0500244,23.0379714,20.0,14.5,0,[]
336,0.0500475,23.0880189,20.0,14.6,0,[]
337,0.050587,23.1386059,19.8,14.6,0,[]
338,0.050353,23.188958900000003,19.9,14.6,0,[]
339,0.0504002,23.2393591,19.8,14.6,0,[]
340,0.0503994,23.2897585,19.8,14.6,0,[]
341,0.0503986,23.340157100000003,19.8,14.6,0,[]
342,0.050784,23.390941100000003,19.7,14.6,0,[]
343,0.0506107,23.441551800000003,19.8,14.6,0,[]
344,0.0504899,23.4920417,19.8,14.6,0,[]
345,0.0505064,23.5425481,19.8,14.7,0,[]
346,0.050705,23.593253100000002,19.7,14.7,0,[]
347,0.0505978,23.6438509,19.8,14.7,0,[]
348,0.0506366,23.6944875,19.7,14.7,0,[]
349,0.0505902,23.7450777,19.8,14.7,0,[]
350,0.0487258,23.7938035,20.5,14.7,0,[]
351,0.0489691,23.8427726,20.4,14.7,0,[]
352,0.0497129,23.8924855,20.1,14.7,0,[]
353,0.0506159,23.9431014,19.8,14.7,0,[]
354,0.0505982,23.9936996,19.8,14.8,0,[]
355,0.0508505,24.0445501,19.7,14.8,0,[]
356,0.0507327,24.0952828,19.7,14.8,0,[]
357,0.0502023,24.1454851,19.9,14.8,0,[]
358,0.0504576,24.1959427,19.8,14.8,0,[]
359,0.0504555,24.2463982,19.8,14.8,0,[]
360,0.0504851,24.2968833,19.8,14.8,0,[]
361,0.0510854,24.347968700000003,19.6,14.8,0,[]
362,0.0503929,24.3983616,19.8,14.8,0,[]
363,0.0504119,24.4487735,19.8,14.8,0,[]
364,0.0504963,24.4992698,19.8,14.9,0,[]
365,0.0508124,24.550082200000002,19.7,14.9,0,[]
366,0.0488803,24.598962500000003,20.5,14.9,0,[]
367,0.0490239,24.647986400000004,20.4,14.9,0,[]
368,0.0499019,24.697888300000002,20.0,14.9,0,[]
369,0.0504337,24.748322,19.8,14.9,0,[]
370,0.0507339,24.799055900000003,19.7,14.9,0,[]
371,0.0504996,24.8495555,19.8,14.9,0,[]
372,0.0505926,24.900148100000003,19.8,14.9,0,[]
373,0.0506965,24.950844600000003,19.7,14.9,0,[]
374,0.0505209,25.001365500000002,19.8,15.0,0,[]
375,0.0501645,25.051530000000003,19.9,15.0,0,[]
376,0.050622,25.102152000000004,19.8,15.0,0,[]
377,0.0504526,25.152604600000004,19.8,15.0,0,[]
378,0.0503732,25.202977800000003,19.9,15.0,0,[]
379,0.0505023,25.253480100000004,19.8,15.0,0,[]
380,0.050169,25.303649100000005,19.9,15.0,0,[]
381,0.0497596,25.353408700000006,20.1,15.0,0,[]
382,0.0495338,25.402942500000005,20.2,15.0,0,[]
383,0.0495606,25.452503100000005,20.2,15.0,0,[]
384,0.0506457,25.503148800000005,19.7,15.1,0,[]
385,0.0503452,25.553494000000004,19.9,15.1,0,[]
386,0.0503933,25.603887300000004,19.8,15.1,0,[]
387,0.0505097,25.654397000000003,19.8,15.1,0,[]
388,0.0504814,25.704878400000002,19.8,15.1,0,[]
389,0.0504432,25.755321600000002,19.8,15.1,0,[]
390,0.0507734,25.806095000000003,19.7,15.1,0,[]
391,0.0502699,25.856364900000003,19.9,15.1,0,[]
392,0.0501149,25.906479800000003,20.0,15.1,0,[]
393,0.0502218,25.956701600000002,19.9,15.1,0,[]
394,0.050644,26.0073456,19.7,15.1,0,[]
395,0.0503675,26.0577131,19.9,15.2,0,[]
396,0.0504871,26.108200200000002,19.8,15.2,0,[]
397,0.0505103,26.1587105,19.8,15.2,0,[]
398,0.0487035,26.207414,20.5,15.2,0,[]
399,0.0504055,26.2578195,19.8,15.2,0,[]
400,0.0511181,26.3089376,19.6,15.2,0,[]
401,0.053182,26.3621196,18.8,15.2,0,[]
402,0.0506608,26.4127804,19.7,15.2,0,[]
403,0.0513834,26.464163799999998,19.5,15.2,0,[]
404,0.0505776,26.5147414,19.8,15.2,0,[]
405,0.0506169,26.5653583,19.8,15.2,0,[]
406,0.0520801,26.6174384,19.2,15.3,0,[]
407,0.0507132,26.6681516,19.7,15.3,0,[]
408,0.0502776,26.718429200000003,19.9,15.3,0,[]
409,0.0511878,26.769617000000004,19.5,15.3,0,[]
410,0.0504324,26.820049400000002,19.8,15.3,0,[]
411,0.0506522,26.8707016,19.7,15.3,0,[]
412,0.0507174,26.921419,19.7,15.3,0,[]
413,0.0489447,26.9703637,20.4,15.3,0,[]
414,0.0492718,27.0196355,20.3,15.3,0,[]
415,0.0525376,27.0721731,19.0,15.3,0,[]
416,0.0504732,27.1226463,19.8,15.3,0,[]
417,0.0508699,27.173516199999998,19.7,15.3,0,[]
418,0.0508707,27.2243869,19.7,15.4,0,[]
419,0.0514882,27.2758751,19.4,15.4,0,[]
420,0.0504236,27.3262987,19.8,15.4,0,[]
421,0.0501301,27.3764288,19.9,15.4,0,[]
422,0.0501704,27.4265992,19.9,15.4,0,[]
423,0.0510346,27.4776338,19.6,15.4,0,[]
424,0.0506964,27.5283302,19.7,15.4,0,[]
425,0.0503454,27.5786756,19.9,15.4,0,[]
426,0.0502292,27.6289048,19.9,15.4,0,[]
427,0.0504309,27.6793357,19.8,15.4,0,[]
428,0.0502315,27.729567199999998,19.9,15.4,0,[]
429,0.0486836,27.7782508,20.5,15.4,0,[]
430,0.0489051,27.827155899999998,20.4,15.5,0,[]
431,0.0502673,27.8774232,19.9,15.5,0,[]
432,0.0503132,27.9277364,19.9,15.5,0,[]
433,0.0503728,27.978109200000002,19.9,15.5,0,[]
434,0.0503383,28.028447500000002,19.9,15.5,0,[]
435,0.0505316,28.0789791,19.8,15.5,0,[]
436,0.0506684,28.1296475,19.7,15.5,0,[]
437,0.0508275,28.180475,19.7,15.5,0,[]
438,0.0506491,28.231124100000002,19.7,15.5,0,[]
439,0.0504484,28.281572500000003,19.8,15.5,0,[]
440,0.050165,28.331737500000003,19.9,15.5,0,[]
441,0.0506824,28.382419900000002,19.7,15.5,0,[]
442,0.050673,28.433092900000002,19.7,15.5,0,[]
443,0.0507733,28.4838662,19.7,15.6,0,[]
444,0.0509532,28.5348194,19.6,15.6,0,[]
445,0.0487463,28.5835657,20.5,15.6,0,[]
446,0.0503494,28.633915100000003,19.9,15.6,0,[]
447,0.0505773,28.684492400000003,19.8,15.6,0,[]
448,0.0506926,28.735185000000005,19.7,15.6,0,[]
449,0.0505622,28.785747200000007,19.8,15.6,0,[]
450,0.050043,28.835790200000005,20.0,15.6,0,[]
451,0.0504378,28.886228000000006,19.8,15.6,0,[]
452,0.0506028,28.936830800000006,19.8,15.6,0,[]
453,0.0506167,28.987447500000005,19.8,15.6,0,[]
454,0.0504842,29.037931700000005,19.8,15.6,0,[]
455,0.0505689,29.088500600000003,19.8,15.6,0,[]
456,0.0502377,29.138738300000004,19.9,15.6,0,[]
457,0.0503814,29.189119700000003,19.8,15.7,0,[]
458,0.0505646,29.239684300000004,19.8,15.7,0,[]
459,0.0508623,29.290546600000003,19.7,15.7,0,[]
460,0.0490591,29.339605700000003,20.4,15.7,0,[]
461,0.0491956,29.388801300000004,20.3,15.7,0,[]
462,0.0500839,29.438885200000005,20.0,15.7,0,[]
463,0.0505238,29.489409000000006,19.8,15.7,0,[]
464,0.0505034,29.539912400000006,19.8,15.7,0,[]
465,0.0505594,29.590471800000007,19.8,15.7,0,[]
466,0.0505298,29.641001600000006,19.8,15.7,0,[]
467,0.0502923,29.691293900000005,19.9,15.7,0,[]
468,0.0501308,29.741424700000007,19.9,15.7,0,[]
469,0.0504323,29.791857000000007,19.8,15.7,0,[]
470,0.0504492,29.842306200000007,19.8,15.7,0,[]
471,0.0505623,29.892868500000006,19.8,15.8,0,[]
472,0.0505555,29.943424000000007,19.8,15.8,0,[]
473,0.0501373,29.993561300000007,19.9,15.8,0,[]
474,0.0508397,30.044401000000008,19.7,15.8,0,[]
475,0.050526,30.09492700000001,19.8,15.8,0,[]
476,0.0487032,30.143630200000008,20.5,15.8,0,[]
477,0.0489721,30.192602300000008,20.4,15.8,0,[]
478,0.0510237,30.243626000000006,19.6,15.8,0,[]
479,0.050742,30.294368000000006,19.7,15.8,0,[]
480,0.0502411,30.344609100000007,19.9,15.8,0,[]
481,0.0504547,30.395063800000006,19.8,15.8,0,[]
482,0.0504627,30.445526500000007,19.8,15.8,0,[]
483,0.0506383,30.496164800000006,19.7,15.8,0,[]
484,0.0504864,30.546651200000007,19.8,15.8,0,[]
485,0.0504218,30.597073000000005,19.8,15.9,0,[]
486,0.086711,30.683784000000006,11.5,15.8,1,['Fahrtrichtung rechts']
487,0.0506431,30.734427100000005,19.7,15.8,0,[]
488,0.0506674,30.785094500000003,19.7,15.9,0,[]
489,0.086876,30.871970500000003,11.5,15.8,1,['Ende aller Geschw. Und ‹berholverbote']
490,0.0886366,30.960607100000004,11.3,15.8,1,['Ende aller Geschw. Und ‹berholverbote']
491,0.0500481,31.010655200000006,20.0,15.8,0,[]
492,0.0877957,31.098450900000007,11.4,15.8,1,['Ende aller Geschw. Und ‹berholverbote']
493,0.0848609,31.183311800000006,11.8,15.8,1,['Ende aller Geschw. Und ‹berholverbote']
494,0.0501835,31.233495300000005,19.9,15.8,0,[]
495,0.0856864,31.319181700000005,11.7,15.8,1,['Ende aller Geschw. Und ‹berholverbote']
496,0.0847956,31.403977300000005,11.8,15.8,1,['Ende aller Geschw. Und ‹berholverbote']
497,0.0499639,31.453941200000006,20.0,15.8,0,[]
498,0.0860416,31.539982800000008,11.6,15.8,1,['Ende aller Geschw. Und ‹berholverbote']
499,0.0858848,31.625867600000007,11.6,15.8,1,['Ende aller Geschw. Und ‹berholverbote']
500,0.0883202,31.714187800000005,11.3,15.8,1,['Ende aller Geschw. Und ‹berholverbote']
501,0.0856989,31.799886700000005,11.7,15.8,1,['Links vorbeifahren']
502,0.0834458,31.883332500000005,12.0,15.7,1,['Ende aller Geschw. Und ‹berholverbote']
503,0.0872407,31.970573200000004,11.5,15.7,1,['Fahrtrichtung rechts']
504,0.0851361,32.055709300000004,11.7,15.7,1,['Ende aller Geschw. Und ‹berholverbote']
505,0.086743,32.1424523,11.5,15.7,1,['Ende aller Geschw. Und ‹berholverbote']
506,0.0882789,32.2307312,11.3,15.7,1,['Ende aller Geschw. Und ‹berholverbote']
507,0.0883692,32.3191004,11.3,15.7,1,['Ende aller Geschw. Und ‹berholverbote']
508,0.0877072,32.4068076,11.4,15.7,1,['Ende aller Geschw. Und ‹berholverbote']
509,0.0851897,32.4919973,11.7,15.7,1,['Ende aller Geschw. Und ‹berholverbote']
510,0.0872037,32.579201000000005,11.5,15.7,1,['Lichtzeichenanlage']
511,0.1853731,32.764574100000004,5.4,15.6,1,['Arbeitsstelle']
512,0.0828798,32.847453900000005,12.1,15.6,1,['Ende aller Geschw. Und ‹berholverbote']
513,0.0842765,32.931730400000006,11.9,15.6,1,['Ende aller Geschw. Und ‹berholverbote']
514,0.0851156,33.01684600000001,11.7,15.6,1,['Ende aller Geschw. Und ‹berholverbote']
515,0.0854661,33.102312100000006,11.7,15.6,1,['Ende aller Geschw. Und ‹berholverbote']
516,0.0851359,33.187448,11.7,15.5,1,['Ende aller Geschw. Und ‹berholverbote']
517,0.0874099,33.2748579,11.4,15.5,1,['Ende aller Geschw. Und ‹berholverbote']
518,0.0857393,33.3605972,11.7,15.5,1,['Ende aller Geschw. Und ‹berholverbote']
519,0.0853958,33.445993,11.7,15.5,1,['Ende aller Geschw. Und ‹berholverbote']
520,0.0870301,33.5330231,11.5,15.5,1,['Ende aller Geschw. Und ‹berholverbote']
521,0.0854854,33.618508500000004,11.7,15.5,1,['Ende aller Geschw. Und ‹berholverbote']
522,0.0849251,33.703433600000004,11.8,15.5,1,['Ende aller Geschw. Und ‹berholverbote']
523,0.08488,33.7883136,11.8,15.5,1,['Max. 80km/h']
524,0.0866098,33.8749234,11.5,15.5,1,['Ende aller Geschw. Und ‹berholverbote']
525,0.08473,33.9596534,11.8,15.5,1,['Ende aller Geschw. Und ‹berholverbote']
526,0.0861717,34.0458251,11.6,15.4,1,['Ende aller Geschw. Und ‹berholverbote']
527,0.0858098,34.1316349,11.7,15.4,1,['Ende aller Geschw. Und ‹berholverbote']
528,0.0882332,34.2198681,11.3,15.4,1,['Ende aller Geschw. Und ‹berholverbote']
529,0.086034,34.3059021,11.6,15.4,1,['Ende aller Geschw. Und ‹berholverbote']
530,0.085565,34.3914671,11.7,15.4,1,['Lichtzeichenanlage']
531,0.0874434,34.4789105,11.4,15.4,1,['Ende aller Geschw. Und ‹berholverbote']
532,0.0846055,34.563516,11.8,15.4,1,['Ende aller Geschw. Und ‹berholverbote']
533,0.0844762,34.6479922,11.8,15.4,1,['Ende aller Geschw. Und ‹berholverbote']
534,0.0838899,34.7318821,11.9,15.4,1,['Ende aller Geschw. Und ‹berholverbote']
535,0.087897,34.8197791,11.4,15.4,1,['Ende aller Geschw. Und ‹berholverbote']
536,0.085661,34.9054401,11.7,15.4,1,['Ende aller Geschw. Und ‹berholverbote']
537,0.08499,34.9904301,11.8,15.3,1,['Ende aller Geschw. Und ‹berholverbote']
538,0.0881022,35.0785323,11.4,15.3,1,['Ende aller Geschw. Und ‹berholverbote']
539,0.0859291,35.1644614,11.6,15.3,1,['Ende aller Geschw. Und ‹berholverbote']
540,0.0860695,35.2505309,11.6,15.3,1,['Ende aller Geschw. Und ‹berholverbote']
541,0.085656,35.3361869,11.7,15.3,1,['Ende aller Geschw. Und ‹berholverbote']
542,0.0869821,35.423169,11.5,15.3,1,['Ende aller Geschw. Und ‹berholverbote']
543,0.084806,35.507975,11.8,15.3,1,['Ende aller Geschw. Und ‹berholverbote']
544,0.0855662,35.593541200000004,11.7,15.3,1,['Ende aller Geschw. Und ‹berholverbote']
545,0.0874742,35.68101540000001,11.4,15.3,1,['Ende aller Geschw. Und ‹berholverbote']
546,0.0859975,35.767012900000005,11.6,15.3,1,['Ende aller Geschw. Und ‹berholverbote']
547,0.0850075,35.85202040000001,11.8,15.3,1,['Ende aller Geschw. Und ‹berholverbote']
548,0.0861993,35.938219700000005,11.6,15.2,1,['Ende aller Geschw. Und ‹berholverbote']
549,0.088214,36.026433700000005,11.3,15.2,1,['Ende aller Geschw. Und ‹berholverbote']
550,0.0863158,36.11274950000001,11.6,15.2,1,['Ende aller Geschw. Und ‹berholverbote']
551,0.0872133,36.19996280000001,11.5,15.2,1,['Ende aller Geschw. Und ‹berholverbote']
552,0.086459,36.28642180000001,11.6,15.2,1,['Ende Max. 80km/h']
553,0.0854653,36.37188710000001,11.7,15.2,1,['Ende aller Geschw. Und ‹berholverbote']
554,0.0862257,36.45811280000001,11.6,15.2,1,['Ende aller Geschw. Und ‹berholverbote']
555,0.085773,36.54388580000001,11.7,15.2,1,['Ende aller Geschw. Und ‹berholverbote']
556,0.0903651,36.63425090000001,11.1,15.2,1,['Ende aller Geschw. Und ‹berholverbote']
557,0.086244,36.72049490000001,11.6,15.2,1,['Ende aller Geschw. Und ‹berholverbote']
558,0.0861054,36.806600300000014,11.6,15.2,1,['Ende aller Geschw. Und ‹berholverbote']
559,0.0877428,36.894343100000015,11.4,15.2,1,['Ende aller Geschw. Und ‹berholverbote']
560,0.0853875,36.97973060000002,11.7,15.1,1,['Ende aller Geschw. Und ‹berholverbote']
561,0.0864038,37.06613440000002,11.6,15.1,1,['Ende aller Geschw. Und ‹berholverbote']
562,0.08611,37.152244400000015,11.6,15.1,1,['Ende aller Geschw. Und ‹berholverbote']
563,0.0885341,37.24077850000001,11.3,15.1,1,['Ende aller Geschw. Und ‹berholverbote']
564,0.0848239,37.325602400000015,11.8,15.1,1,['Ende aller Geschw. Und ‹berholverbote']
565,0.086221,37.41182340000002,11.6,15.1,1,['Ende aller Geschw. Und ‹berholverbote']
566,0.0886139,37.500437300000016,11.3,15.1,1,['Lichtzeichenanlage']
567,0.0907458,37.591183100000016,11.0,15.1,2,"['Ende aller Geschw. Und ‹berholverbote'
 'Ende aller Geschw. Und ‹berholverbote']"
568,0.0865803,37.67776340000002,11.5,15.1,1,['Ende aller Geschw. Und ‹berholverbote']
569,0.0868304,37.764593800000014,11.5,15.1,2,"['Ende aller Geschw. Und ‹berholverbote'
 'Ende aller Geschw. Und ‹berholverbote']"
570,0.0890409,37.853634700000015,11.2,15.1,2,['Ende aller Geschw. Und ‹berholverbote' 'Schnee-/Eisglštte']
571,0.0865845,37.940219200000016,11.5,15.0,2,"['Ende aller Geschw. Und ‹berholverbote' 'Halt, Vorfahrt gewšhren']"
572,0.0863851,38.02660430000002,11.6,15.0,2,"['Ende aller Geschw. Und ‹berholverbote'
 'Ende aller Geschw. Und ‹berholverbote']"
573,0.0877429,38.11434720000002,11.4,15.0,2,['Gefahrenstelle' 'Ende aller Geschw. Und ‹berholverbote']
574,0.0877853,38.20213250000002,11.4,15.0,2,"['Ende aller Geschw. Und ‹berholverbote'
 'Ende aller Geschw. Und ‹berholverbote']"
575,0.0944726,38.29660510000002,10.6,15.0,2,"['Ende aller Geschw. Und ‹berholverbote'
 'Ende aller Geschw. Und ‹berholverbote']"
576,0.0877974,38.38440250000002,11.4,15.0,2,"['Ende aller Geschw. Und ‹berholverbote'
 'Ende aller Geschw. Und ‹berholverbote']"
577,0.0889264,38.47332890000002,11.2,15.0,2,['Rechts vorbeifahren' 'Ende aller Geschw. Und ‹berholverbote']
578,0.087184,38.56051290000002,11.5,15.0,2,['Ende aller Geschw. Und ‹berholverbote' 'Gefahrenstelle']
579,0.0866232,38.64713610000002,11.5,15.0,2,['Ende aller Geschw. Und ‹berholverbote' 'Vorfahrt gewšhren']
580,0.0877397,38.73487580000002,11.4,15.0,1,['Ende ‹berholverbot']
581,0.0504263,38.78530210000002,19.8,15.0,0,[]
582,0.0504406,38.83574270000002,19.8,15.0,0,[]
583,0.048862,38.88460470000002,20.5,15.0,0,[]
584,0.0493486,38.93395330000002,20.3,15.0,0,[]
585,0.0503285,38.98428180000002,19.9,15.0,0,[]
586,0.0507283,39.03501010000002,19.7,15.0,0,[]
587,0.050851,39.085861100000024,19.7,15.0,0,[]
588,0.0507223,39.13658340000002,19.7,15.0,0,[]
589,0.05043,39.18701340000002,19.8,15.0,0,[]
590,0.0507985,39.23781190000002,19.7,15.0,0,[]
591,0.0503386,39.28815050000002,19.9,15.0,0,[]
592,0.0503005,39.33845100000002,19.9,15.0,0,[]
593,0.0502255,39.388676500000024,19.9,15.1,0,[]
594,0.0502102,39.438886700000026,19.9,15.1,0,[]
595,0.0508499,39.48973660000003,19.7,15.1,0,[]
596,0.0507421,39.54047870000003,19.7,15.1,0,[]
597,0.0505673,39.59104600000003,19.8,15.1,0,[]
598,0.0488523,39.63989830000003,20.5,15.1,0,[]
599,0.0490392,39.68893750000003,20.4,15.1,0,[]
600,0.0500175,39.73895500000003,20.0,15.1,0,[]
601,0.0501672,39.78912220000003,19.9,15.1,0,[]
602,0.0504206,39.83954280000003,19.8,15.1,0,[]
603,0.0505561,39.890098900000034,19.8,15.1,0,[]
604,0.0505558,39.94065470000003,19.8,15.1,0,[]
605,0.0501286,39.99078330000003,19.9,15.1,0,[]
