,0,1,2,3,4,5
0,frame,frame_time,sum_time,frame_fps,avg_fps,num_detect_ts
1,1.0,2.6665202,2.6665202,0.4,0.4,3.0
2,2.0,0.199353,2.8658732,5.0,0.7,3.0
3,3.0,0.1931462,3.0590194,5.2,1.0,3.0
4,4.0,0.2584026,3.317422,3.9,1.2,4.0
5,5.0,0.1900739,3.5074959,5.3,1.4,3.0
6,6.0,0.2267365,3.7342324,4.4,1.6,4.0
7,7.0,0.2256957,3.9599281,4.4,1.8,4.0
8,8.0,0.1897856,4.1497136999999995,5.3,1.9,4.0
9,9.0,0.2626887,4.4124023999999995,3.8,2.0,4.0
10,10.0,0.2600947,4.672497099999999,3.8,2.1,4.0
11,11.0,0.2557273,4.9282243999999995,3.9,2.2,4.0
12,12.0,0.2482927,5.1765171,4.0,2.3,4.0
13,13.0,0.1918845,5.3684016,5.2,2.4,4.0
14,14.0,0.2669072,5.635308800000001,3.7,2.5,4.0
15,15.0,0.2600253,5.8953341,3.8,2.5,4.0
16,16.0,0.2233414,6.1186755,4.5,2.6,4.0
17,17.0,0.2258356,6.3445111,4.4,2.7,4.0
18,18.0,0.2248601,6.5693712,4.4,2.7,4.0
19,19.0,0.221025,6.7903962,4.5,2.8,4.0
20,20.0,0.1914619,6.9818581,5.2,2.9,4.0
21,21.0,0.2573296,7.2391877000000004,3.9,2.9,4.0
22,22.0,0.2951184,7.5343061,3.4,2.9,4.0
23,23.0,0.3848636,7.9191697,2.6,2.9,4.0
24,24.0,0.2224315,8.1416012,4.5,2.9,4.0
25,25.0,0.3288227,8.4704239,3.0,3.0,4.0
26,26.0,0.2266019,8.6970258,4.4,3.0,4.0
27,27.0,0.2596912,8.956717000000001,3.9,3.0,4.0
28,28.0,0.2983527,9.255069700000002,3.4,3.0,4.0
29,29.0,0.2575142,9.512583900000001,3.9,3.0,4.0
30,30.0,0.2694878,9.782071700000001,3.7,3.1,4.0
31,31.0,0.3286983,10.11077,3.0,3.1,4.0
32,32.0,0.2590032,10.369773200000001,3.9,3.1,4.0
33,33.0,0.3014141,10.671187300000001,3.3,3.1,4.0
34,34.0,0.2931788,10.964366100000001,3.4,3.1,4.0
35,35.0,0.2982546,11.262620700000001,3.4,3.1,4.0
36,36.0,0.2558236,11.5184443,3.9,3.1,4.0
37,37.0,0.2962755,11.8147198,3.4,3.1,4.0
38,38.0,0.2607518,12.0754716,3.8,3.1,4.0
39,39.0,0.3266551,12.4021267,3.1,3.1,4.0
40,40.0,0.4280683,12.830195,2.3,3.1,4.0
41,41.0,0.2951521,13.125347099999999,3.4,3.1,4.0
42,42.0,0.2934008,13.4187479,3.4,3.1,4.0
43,43.0,0.3309713,13.7497192,3.0,3.1,4.0
44,44.0,0.334239,14.0839582,3.0,3.1,4.0
45,45.0,0.303257,14.3872152,3.3,3.1,4.0
46,46.0,0.335688,14.7229032,3.0,3.1,4.0
47,47.0,0.2325061,14.9554093,4.3,3.1,3.0
48,48.0,0.1572323,15.1126416,6.4,3.2,2.0
49,49.0,0.1917598,15.3044014,5.2,3.2,2.0
50,50.0,0.1569471,15.4613485,6.4,3.2,2.0
51,51.0,0.0497231,15.5110716,20.1,3.3,0.0
52,52.0,0.0493575,15.560429099999999,20.3,3.3,0.0
53,53.0,0.0494276,15.609856699999998,20.2,3.4,0.0
54,54.0,0.0481438,15.658000499999998,20.8,3.4,0.0
55,55.0,0.0488143,15.706814799999998,20.5,3.5,0.0
56,56.0,0.051149,15.757963799999999,19.6,3.6,0.0
57,57.0,0.0499314,15.807895199999999,20.0,3.6,0.0
58,58.0,0.0542021,15.862097299999999,18.4,3.7,0.0
59,59.0,0.0499598,15.912057099999998,20.0,3.7,0.0
60,60.0,0.0558388,15.967895899999998,17.9,3.8,0.0
61,61.0,0.0496268,16.017522699999997,20.2,3.8,0.0
62,62.0,0.0510708,16.0685935,19.6,3.9,0.0
63,63.0,0.0494473,16.1180408,20.2,3.9,0.0
64,64.0,0.0496478,16.167688599999998,20.1,4.0,0.0
65,65.0,0.0513834,16.219071999999997,19.5,4.0,0.0
66,66.0,0.0567632,16.275835199999996,17.6,4.1,0.0
67,67.0,0.048837,16.324672199999995,20.5,4.1,0.0
68,68.0,0.0491854,16.373857599999994,20.3,4.2,0.0
69,69.0,0.0496058,16.423463399999992,20.2,4.2,0.0
70,70.0,0.0496295,16.473092899999994,20.1,4.2,0.0
71,71.0,0.0495227,16.522615599999995,20.2,4.3,0.0
72,72.0,0.0493681,16.571983699999993,20.3,4.3,0.0
73,73.0,0.0495053,16.621488999999993,20.2,4.4,0.0
74,74.0,0.0498089,16.671297899999992,20.1,4.4,0.0
75,75.0,0.054115,16.72541289999999,18.5,4.5,0.0
76,76.0,0.0499489,16.77536179999999,20.0,4.5,0.0
77,77.0,0.0496117,16.82497349999999,20.2,4.6,0.0
78,78.0,0.0500299,16.87500339999999,20.0,4.6,0.0
79,79.0,0.0513342,16.92633759999999,19.5,4.7,0.0
80,80.0,0.0484736,16.97481119999999,20.6,4.7,0.0
81,81.0,0.0491845,17.02399569999999,20.3,4.8,0.0
82,82.0,0.0532597,17.07725539999999,18.8,4.8,0.0
83,83.0,0.0498146,17.127069999999993,20.1,4.8,0.0
84,84.0,0.0516423,17.178712299999994,19.4,4.9,0.0
85,85.0,0.0530931,17.231805399999995,18.8,4.9,0.0
86,86.0,0.0496401,17.281445499999997,20.1,5.0,0.0
87,87.0,0.0495794,17.331024899999996,20.2,5.0,0.0
88,88.0,0.0512397,17.382264599999996,19.5,5.1,0.0
89,89.0,0.0501173,17.432381899999996,20.0,5.1,0.0
90,90.0,0.0497488,17.482130699999995,20.1,5.1,0.0
91,91.0,0.0497985,17.531929199999997,20.1,5.2,0.0
92,92.0,0.048638,17.580567199999997,20.6,5.2,0.0
93,93.0,0.0598657,17.640432899999997,16.7,5.3,0.0
94,94.0,0.0502207,17.690653599999997,19.9,5.3,0.0
95,95.0,0.0496575,17.740311099999996,20.1,5.4,0.0
96,96.0,0.0497346,17.790045699999997,20.1,5.4,0.0
97,97.0,0.0505968,17.840642499999998,19.8,5.4,0.0
98,98.0,0.121534,17.962176499999998,8.2,5.5,1.0
99,99.0,0.0499086,18.012085099999997,20.0,5.5,0.0
100,100.0,0.0549443,18.067029399999996,18.2,5.5,0.0
101,101.0,0.0497672,18.116796599999997,20.1,5.6,0.0
102,102.0,0.0497002,18.166496799999997,20.1,5.6,0.0
103,103.0,0.0522139,18.2187107,19.2,5.7,0.0
104,104.0,0.0482841,18.2669948,20.7,5.7,0.0
105,105.0,0.0495481,18.316542899999998,20.2,5.7,0.0
106,106.0,0.049949,18.3664919,20.0,5.8,0.0
107,107.0,0.0497909,18.4162828,20.1,5.8,0.0
108,108.0,0.0498588,18.4661416,20.1,5.8,0.0
109,109.0,0.1198127,18.5859543,8.3,5.9,1.0
110,110.0,0.1383947,18.724349,7.2,5.9,1.0
111,111.0,0.1221743,18.8465233,8.2,5.9,1.0
112,112.0,0.120263,18.966786300000003,8.3,5.9,1.0
113,113.0,0.1204912,19.087277500000003,8.3,5.9,1.0
114,114.0,0.1237751,19.211052600000002,8.1,5.9,1.0
115,115.0,0.0848988,19.295951400000003,11.8,6.0,1.0
116,116.0,0.0836617,19.379613100000004,12.0,6.0,1.0
117,117.0,0.1212044,19.500817500000004,8.3,6.0,1.0
118,118.0,0.0843748,19.585192300000003,11.9,6.0,1.0
119,119.0,0.1195968,19.704789100000003,8.4,6.0,1.0
120,120.0,0.0846363,19.789425400000002,11.8,6.1,1.0
121,121.0,0.0943857,19.883811100000003,10.6,6.1,1.0
122,122.0,0.0492293,19.933040400000003,20.3,6.1,0.0
123,123.0,0.1203795,20.0534199,8.3,6.1,1.0
124,124.0,0.1181934,20.1716133,8.5,6.1,1.0
125,125.0,0.1543422,20.3259555,6.5,6.1,2.0
126,126.0,0.1542018,20.4801573,6.5,6.2,2.0
127,127.0,0.1560753,20.6362326,6.4,6.2,2.0
128,128.0,0.1873375,20.8235701,5.3,6.1,2.0
129,129.0,0.1932352,21.0168053,5.2,6.1,2.0
130,130.0,0.2891311,21.3059364,3.5,6.1,2.0
131,131.0,0.1569137,21.4628501,6.4,6.1,2.0
132,132.0,0.1215818,21.584431900000002,8.2,6.1,2.0
133,133.0,0.1528842,21.7373161,6.5,6.1,2.0
134,134.0,0.1530973,21.8904134,6.5,6.1,2.0
135,135.0,0.1191874,22.0096008,8.4,6.1,2.0
136,136.0,0.1539871,22.1635879,6.5,6.1,2.0
137,137.0,0.1538746,22.3174625,6.5,6.1,2.0
138,138.0,0.1436778,22.4611403,7.0,6.1,2.0
139,139.0,0.123976,22.5851163,8.1,6.2,2.0
140,140.0,0.1208757,22.705992,8.3,6.2,2.0
141,141.0,0.1876612,22.8936532,5.3,6.2,2.0
142,142.0,0.1527459,23.0463991,6.5,6.2,2.0
143,143.0,0.1516973,23.198096399999997,6.6,6.2,2.0
144,144.0,0.1202885,23.318384899999998,8.3,6.2,2.0
145,145.0,0.1191141,23.437499,8.4,6.2,2.0
146,146.0,0.1527864,23.5902854,6.5,6.2,2.0
147,147.0,0.1538667,23.744152099999997,6.5,6.2,2.0
148,148.0,0.1874748,23.931626899999998,5.3,6.2,2.0
149,149.0,0.1537987,24.085425599999997,6.5,6.2,2.0
150,150.0,0.15361,24.239035599999998,6.5,6.2,2.0
151,151.0,0.1208668,24.3599024,8.3,6.2,1.0
152,152.0,0.1168267,24.4767291,8.6,6.2,1.0
153,153.0,0.1191382,24.5958673,8.4,6.2,1.0
154,154.0,0.0833494,24.679216699999998,12.0,6.2,1.0
155,155.0,0.0486165,24.7278332,20.6,6.3,0.0
156,156.0,0.0499677,24.7778009,20.0,6.3,0.0
157,157.0,0.0527378,24.830538699999998,19.0,6.3,0.0
158,158.0,0.0488371,24.8793758,20.5,6.4,0.0
159,159.0,0.0500957,24.9294715,20.0,6.4,0.0
160,160.0,0.050048,24.9795195,20.0,6.4,0.0
161,161.0,0.0485857,25.0281052,20.6,6.4,0.0
162,162.0,0.0497023,25.0778075,20.1,6.5,0.0
163,163.0,0.0534887,25.131296199999998,18.7,6.5,0.0
164,164.0,0.0488512,25.1801474,20.5,6.5,0.0
165,165.0,0.0484489,25.2285963,20.6,6.5,0.0
166,166.0,0.0488327,25.277428999999998,20.5,6.6,0.0
167,167.0,0.0486376,25.326066599999997,20.6,6.6,0.0
168,168.0,0.0488572,25.374923799999998,20.5,6.6,0.0
169,169.0,0.0484616,25.423385399999997,20.6,6.6,0.0
170,170.0,0.0485558,25.471941199999996,20.6,6.7,0.0
171,171.0,0.0489241,25.520865299999997,20.4,6.7,0.0
172,172.0,0.0484416,25.569306899999997,20.6,6.7,0.0
173,173.0,0.0485873,25.6178942,20.6,6.8,0.0
174,174.0,0.0487744,25.666668599999998,20.5,6.8,0.0
175,175.0,0.0490312,25.7156998,20.4,6.8,0.0
176,176.0,0.0496488,25.7653486,20.1,6.8,0.0
177,177.0,0.0492166,25.8145652,20.3,6.9,0.0
178,178.0,0.0494173,25.8639825,20.2,6.9,0.0
179,179.0,0.0483812,25.9123637,20.7,6.9,0.0
180,180.0,0.0486522,25.9610159,20.6,6.9,0.0
181,181.0,0.0486706,26.0096865,20.5,7.0,0.0
182,182.0,0.0486892,26.0583757,20.5,7.0,0.0
183,183.0,0.0483071,26.106682799999998,20.7,7.0,0.0
184,184.0,0.0490352,26.155717999999997,20.4,7.0,0.0
185,185.0,0.050824,26.206541999999995,19.7,7.1,0.0
186,186.0,0.0486458,26.255187799999995,20.6,7.1,0.0
187,187.0,0.0487656,26.303953399999994,20.5,7.1,0.0
188,188.0,0.0484545,26.352407899999992,20.6,7.1,0.0
189,189.0,0.0483239,26.400731799999992,20.7,7.2,0.0
190,190.0,0.0490839,26.44981569999999,20.4,7.2,0.0
191,191.0,0.0484365,26.498252199999992,20.6,7.2,0.0
192,192.0,0.053858,26.552110199999994,18.6,7.2,0.0
193,193.0,0.0486892,26.600799399999993,20.5,7.3,0.0
194,194.0,0.0483801,26.649179499999992,20.7,7.3,0.0
195,195.0,0.0541826,26.703362099999993,18.5,7.3,0.0
196,196.0,0.0488019,26.752163999999993,20.5,7.3,0.0
197,197.0,0.0499842,26.802148199999994,20.0,7.4,0.0
198,198.0,0.0590877,26.861235899999993,16.9,7.4,0.0
199,199.0,0.0496976,26.91093349999999,20.1,7.4,0.0
200,200.0,0.0486357,26.95956919999999,20.6,7.4,0.0
201,201.0,0.0533682,27.01293739999999,18.7,7.4,0.0
202,202.0,0.0486697,27.061607099999993,20.5,7.5,0.0
203,203.0,0.0652712,27.126878299999994,15.3,7.5,0.0
204,204.0,0.0483763,27.175254599999995,20.7,7.5,0.0
205,205.0,0.0490248,27.224279399999997,20.4,7.5,0.0
206,206.0,0.048562,27.272841399999997,20.6,7.6,0.0
207,207.0,0.053763,27.326604399999997,18.6,7.6,0.0
208,208.0,0.0491545,27.375758899999997,20.3,7.6,0.0
209,209.0,0.0513873,27.427146199999996,19.5,7.6,0.0
210,210.0,0.0530829,27.480229099999995,18.8,7.6,0.0
211,211.0,0.0486083,27.528837399999997,20.6,7.7,0.0
212,212.0,0.0484714,27.577308799999997,20.6,7.7,0.0
213,213.0,0.0527229,27.630031699999996,19.0,7.7,0.0
214,214.0,0.0486391,27.678670799999995,20.6,7.7,0.0
215,215.0,0.0497895,27.728460299999995,20.1,7.8,0.0
216,216.0,0.0830025,27.811462799999994,12.0,7.8,1.0
217,217.0,0.0484477,27.859910499999994,20.6,7.8,0.0
218,218.0,0.1201139,27.980024399999994,8.3,7.8,1.0
219,219.0,0.1185845,28.098608899999995,8.4,7.8,1.0
220,220.0,0.049093,28.147701899999994,20.4,7.8,0.0
221,221.0,0.0482525,28.195954399999994,20.7,7.8,0.0
222,222.0,0.0491583,28.245112699999993,20.3,7.9,0.0
223,223.0,0.0487097,28.293822399999993,20.5,7.9,0.0
224,224.0,0.0552069,28.349029299999994,18.1,7.9,0.0
225,225.0,0.0491021,28.398131399999993,20.4,7.9,0.0
226,226.0,0.0483981,28.446529499999993,20.7,7.9,0.0
227,227.0,0.0572119,28.503741399999992,17.5,8.0,0.0
228,228.0,0.0486203,28.55236169999999,20.6,8.0,0.0
229,229.0,0.0487084,28.60107009999999,20.5,8.0,0.0
230,230.0,0.0550599,28.65612999999999,18.2,8.0,0.0
231,231.0,0.0492068,28.70533679999999,20.3,8.0,0.0
232,232.0,0.0500185,28.75535529999999,20.0,8.1,0.0
233,233.0,0.048246,28.80360129999999,20.7,8.1,0.0
234,234.0,0.0489223,28.85252359999999,20.4,8.1,0.0
235,235.0,0.0484671,28.90099069999999,20.6,8.1,0.0
236,236.0,0.0484111,28.94940179999999,20.7,8.2,0.0
237,237.0,0.0628495,29.01225129999999,15.9,8.2,0.0
238,238.0,0.0486768,29.060928099999987,20.5,8.2,0.0
239,239.0,0.0487548,29.10968289999999,20.5,8.2,0.0
240,240.0,0.0481159,29.157798799999988,20.8,8.2,0.0
241,241.0,0.0490282,29.206826999999986,20.4,8.3,0.0
242,242.0,0.0485664,29.255393399999985,20.6,8.3,0.0
243,243.0,0.0552535,29.310646899999984,18.1,8.3,0.0
244,244.0,0.0487695,29.359416399999983,20.5,8.3,0.0
245,245.0,0.0488152,29.408231599999983,20.5,8.3,0.0
246,246.0,0.0526528,29.460884399999983,19.0,8.4,0.0
247,247.0,0.0487662,29.509650599999983,20.5,8.4,0.0
248,248.0,0.0486845,29.558335099999983,20.5,8.4,0.0
249,249.0,0.0542421,29.612577199999983,18.4,8.4,0.0
250,250.0,0.0489001,29.661477299999984,20.4,8.4,0.0
251,251.0,0.0510834,29.712560699999983,19.6,8.4,0.0
252,252.0,0.0499562,29.762516899999984,20.0,8.5,0.0
253,253.0,0.0488446,29.811361499999983,20.5,8.5,0.0
254,254.0,0.0514363,29.86279779999998,19.4,8.5,0.0
255,255.0,0.0543575,29.91715529999998,18.4,8.5,0.0
256,256.0,0.0488102,29.965965499999978,20.5,8.5,0.0
257,257.0,0.0498957,30.01586119999998,20.0,8.6,0.0
258,258.0,0.0486858,30.06454699999998,20.5,8.6,0.0
259,259.0,0.0495235,30.11407049999998,20.2,8.6,0.0
260,260.0,0.0497112,30.16378169999998,20.1,8.6,0.0
261,261.0,0.0488788,30.21266049999998,20.5,8.6,0.0
262,262.0,0.0494856,30.26214609999998,20.2,8.7,0.0
263,263.0,0.0498749,30.31202099999998,20.1,8.7,0.0
264,264.0,0.0531562,30.36517719999998,18.8,8.7,0.0
265,265.0,0.0486516,30.41382879999998,20.6,8.7,0.0
266,266.0,0.0486773,30.46250609999998,20.5,8.7,0.0
267,267.0,0.0528286,30.515334699999983,18.9,8.7,0.0
268,268.0,0.0486008,30.56393549999998,20.6,8.8,0.0
269,269.0,0.0485911,30.61252659999998,20.6,8.8,0.0
270,270.0,0.0487095,30.661236099999982,20.5,8.8,0.0
271,271.0,0.0485393,30.709775399999984,20.6,8.8,0.0
272,272.0,0.0483902,30.758165599999984,20.7,8.8,0.0
273,273.0,0.0535061,30.811671699999984,18.7,8.9,0.0
274,274.0,0.0486423,30.860313999999985,20.6,8.9,0.0
275,275.0,0.0484372,30.908751199999983,20.6,8.9,0.0
276,276.0,0.0491223,30.957873499999984,20.4,8.9,0.0
277,277.0,0.0483263,31.006199799999983,20.7,8.9,0.0
278,278.0,0.0486969,31.054896699999983,20.5,9.0,0.0
279,279.0,0.0525807,31.107477399999983,19.0,9.0,0.0
280,280.0,0.0490951,31.15657249999998,20.4,9.0,0.0
281,281.0,0.051943,31.208515499999983,19.3,9.0,0.0
282,282.0,0.0487868,31.25730229999998,20.5,9.0,0.0
283,283.0,0.0487728,31.30607509999998,20.5,9.0,0.0
284,284.0,0.0551567,31.36123179999998,18.1,9.1,0.0
285,285.0,0.0491263,31.410358099999982,20.4,9.1,0.0
286,286.0,0.049844,31.460202099999982,20.1,9.1,0.0
287,287.0,0.0486891,31.508891199999983,20.5,9.1,0.0
288,288.0,0.0487926,31.55768379999998,20.5,9.1,0.0
289,289.0,0.048724,31.60640779999998,20.5,9.1,0.0
290,290.0,0.0560989,31.66250669999998,17.8,9.2,0.0
291,291.0,0.0488315,31.71133819999998,20.5,9.2,0.0
292,292.0,0.0487131,31.76005129999998,20.5,9.2,0.0
293,293.0,0.048686,31.80873729999998,20.5,9.2,0.0
294,294.0,0.049822,31.85855929999998,20.1,9.2,0.0
295,295.0,0.0485622,31.907121499999977,20.6,9.2,0.0
296,296.0,0.0627484,31.969869899999978,15.9,9.3,0.0
297,297.0,0.0489304,32.01880029999998,20.4,9.3,0.0
298,298.0,0.0489131,32.06771339999998,20.4,9.3,0.0
299,299.0,0.0485566,32.11626999999998,20.6,9.3,0.0
300,300.0,0.0483867,32.16465669999998,20.7,9.3,0.0
301,301.0,0.0485778,32.21323449999998,20.6,9.3,0.0
302,302.0,0.0673853,32.280619799999975,14.8,9.4,0.0
303,303.0,0.0489139,32.32953369999998,20.4,9.4,0.0
304,304.0,0.0515873,32.38112099999998,19.4,9.4,0.0
305,305.0,0.0486686,32.42978959999998,20.5,9.4,0.0
306,306.0,0.0497379,32.479527499999975,20.1,9.4,0.0
307,307.0,0.0549765,32.53450399999998,18.2,9.4,0.0
308,308.0,0.049126,32.58362999999998,20.4,9.5,0.0
309,309.0,0.0491872,32.63281719999998,20.3,9.5,0.0
310,310.0,0.0520007,32.68481789999998,19.2,9.5,0.0
311,311.0,0.0489112,32.73372909999998,20.4,9.5,0.0
312,312.0,0.0523153,32.78604439999997,19.1,9.5,0.0
313,313.0,0.0507427,32.836787099999974,19.7,9.5,0.0
314,314.0,0.0488469,32.885633999999975,20.5,9.5,0.0
315,315.0,0.0488259,32.93445989999997,20.5,9.6,0.0
316,316.0,0.0486662,32.98312609999997,20.5,9.6,0.0
317,317.0,0.0486307,33.03175679999997,20.6,9.6,0.0
318,318.0,0.048688,33.08044479999997,20.5,9.6,0.0
319,319.0,0.0484588,33.128903599999965,20.6,9.6,0.0
320,320.0,0.0488477,33.17775129999997,20.5,9.6,0.0
321,321.0,0.0482699,33.22602119999997,20.7,9.7,0.0
322,322.0,0.0486928,33.27471399999997,20.5,9.7,0.0
323,323.0,0.0485133,33.32322729999997,20.6,9.7,0.0
324,324.0,0.0484697,33.37169699999997,20.6,9.7,0.0
325,325.0,0.0512719,33.42296889999997,19.5,9.7,0.0
326,326.0,0.0489413,33.471910199999975,20.4,9.7,0.0
327,327.0,0.0516684,33.52357859999997,19.4,9.8,0.0
328,328.0,0.0509293,33.57450789999997,19.6,9.8,0.0
329,329.0,0.0484115,33.62291939999997,20.7,9.8,0.0
330,330.0,0.0488699,33.67178929999997,20.5,9.8,0.0
331,331.0,0.0513097,33.72309899999997,19.5,9.8,0.0
332,332.0,0.0502337,33.77333269999997,19.9,9.8,0.0
333,333.0,0.0515742,33.82490689999997,19.4,9.8,0.0
334,334.0,0.0480602,33.87296709999997,20.8,9.9,0.0
335,335.0,0.0490946,33.922061699999965,20.4,9.9,0.0
336,336.0,0.0489114,33.970973099999966,20.4,9.9,0.0
337,337.0,0.0513751,34.02234819999997,19.5,9.9,0.0
338,338.0,0.0489641,34.07131229999997,20.4,9.9,0.0
339,339.0,0.0486708,34.11998309999996,20.5,9.9,0.0
340,340.0,0.0488358,34.16881889999996,20.5,10.0,0.0
341,341.0,0.0492522,34.21807109999996,20.3,10.0,0.0
342,342.0,0.0485621,34.26663319999996,20.6,10.0,0.0
343,343.0,0.0491618,34.31579499999996,20.3,10.0,0.0
344,344.0,0.0495982,34.36539319999996,20.2,10.0,0.0
345,345.0,0.050174,34.415567199999956,19.9,10.0,0.0
346,346.0,0.0487426,34.46430979999995,20.5,10.0,0.0
347,347.0,0.048037,34.51234679999995,20.8,10.1,0.0
348,348.0,0.04877,34.56111679999995,20.5,10.1,0.0
349,349.0,0.0486157,34.60973249999995,20.6,10.1,0.0
350,350.0,0.0485899,34.65832239999995,20.6,10.1,0.0
351,351.0,0.0536031,34.71192549999995,18.7,10.1,0.0
352,352.0,0.0490888,34.76101429999995,20.4,10.1,0.0
353,353.0,0.0498591,34.81087339999995,20.1,10.1,0.0
354,354.0,0.0487304,34.859603799999945,20.5,10.2,0.0
355,355.0,0.0487161,34.908319899999945,20.5,10.2,0.0
356,356.0,0.0487755,34.95709539999994,20.5,10.2,0.0
357,357.0,0.0544021,35.01149749999994,18.4,10.2,0.0
358,358.0,0.0489039,35.06040139999994,20.4,10.2,0.0
359,359.0,0.0495289,35.10993029999994,20.2,10.2,0.0
360,360.0,0.0488577,35.15878799999994,20.5,10.2,0.0
361,361.0,0.0486045,35.20739249999994,20.6,10.3,0.0
362,362.0,0.0486948,35.25608729999994,20.5,10.3,0.0
363,363.0,0.0487486,35.304835899999944,20.5,10.3,0.0
364,364.0,0.0583647,35.36320059999994,17.1,10.3,0.0
365,365.0,0.0489522,35.412152799999944,20.4,10.3,0.0
366,366.0,0.0485917,35.46074449999995,20.6,10.3,0.0
367,367.0,0.0486317,35.50937619999995,20.6,10.3,0.0
368,368.0,0.0489394,35.55831559999995,20.4,10.3,0.0
369,369.0,0.048676,35.60699159999995,20.5,10.4,0.0
370,370.0,0.0488185,35.655810099999954,20.5,10.4,0.0
371,371.0,0.0486685,35.70447859999995,20.5,10.4,0.0
372,372.0,0.048131,35.75260959999995,20.8,10.4,0.0
373,373.0,0.0484322,35.80104179999995,20.6,10.4,0.0
374,374.0,0.0542662,35.85530799999995,18.4,10.4,0.0
375,375.0,0.0487378,35.90404579999995,20.5,10.4,0.0
376,376.0,0.0497057,35.953751499999946,20.1,10.5,0.0
377,377.0,0.0530196,36.006771099999945,18.9,10.5,0.0
378,378.0,0.0488107,36.05558179999994,20.5,10.5,0.0
379,379.0,0.0484032,36.103984999999945,20.7,10.5,0.0
380,380.0,0.0487245,36.15270949999994,20.5,10.5,0.0
381,381.0,0.0486819,36.20139139999994,20.5,10.5,0.0
382,382.0,0.0487033,36.25009469999994,20.5,10.5,0.0
383,383.0,0.0486114,36.29870609999994,20.6,10.6,0.0
384,384.0,0.0481902,36.34689629999994,20.8,10.6,0.0
385,385.0,0.0486648,36.39556109999994,20.5,10.6,0.0
386,386.0,0.0484475,36.44400859999994,20.6,10.6,0.0
387,387.0,0.048486,36.49249459999994,20.6,10.6,0.0
388,388.0,0.0486676,36.54116219999994,20.5,10.6,0.0
389,389.0,0.0485961,36.589758299999936,20.6,10.6,0.0
390,390.0,0.048684,36.63844229999994,20.5,10.6,0.0
391,391.0,0.0484409,36.68688319999994,20.6,10.7,0.0
392,392.0,0.0487197,36.73560289999994,20.5,10.7,0.0
393,393.0,0.0513523,36.78695519999994,19.5,10.7,0.0
394,394.0,0.048952,36.83590719999994,20.4,10.7,0.0
395,395.0,0.0563483,36.89225549999994,17.7,10.7,0.0
396,396.0,0.0487902,36.94104569999994,20.5,10.7,0.0
397,397.0,0.0485309,36.98957659999994,20.6,10.7,0.0
398,398.0,0.0487528,37.038329399999945,20.5,10.7,0.0
399,399.0,0.04899,37.08731939999995,20.4,10.8,0.0
400,400.0,0.0485601,37.13587949999995,20.6,10.8,0.0
401,401.0,0.0487202,37.18459969999995,20.5,10.8,0.0
402,402.0,0.0491505,37.23375019999995,20.3,10.8,0.0
403,403.0,0.0508358,37.284585999999955,19.7,10.8,0.0
404,404.0,0.0486568,37.33324279999996,20.6,10.8,0.0
405,405.0,0.048375,37.38161779999996,20.7,10.8,0.0
406,406.0,0.0487321,37.43034989999996,20.5,10.8,0.0
407,407.0,0.0491341,37.479483999999964,20.4,10.9,0.0
408,408.0,0.0485914,37.52807539999996,20.6,10.9,0.0
409,409.0,0.0487518,37.57682719999996,20.5,10.9,0.0
410,410.0,0.0495982,37.62642539999996,20.2,10.9,0.0
411,411.0,0.0487126,37.67513799999996,20.5,10.9,0.0
412,412.0,0.048696,37.72383399999996,20.5,10.9,0.0
413,413.0,0.0487938,37.77262779999996,20.5,10.9,0.0
414,414.0,0.0577852,37.83041299999996,17.3,10.9,0.0
415,415.0,0.0487118,37.87912479999996,20.5,11.0,0.0
416,416.0,0.0486845,37.92780929999996,20.5,11.0,0.0
417,417.0,0.0560931,37.983902399999955,17.8,11.0,0.0
418,418.0,0.0490082,38.03291059999996,20.4,11.0,0.0
419,419.0,0.0487949,38.081705499999956,20.5,11.0,0.0
420,420.0,0.0485733,38.13027879999996,20.6,11.0,0.0
421,421.0,0.049014,38.179292799999956,20.4,11.0,0.0
422,422.0,0.0486886,38.227981399999955,20.5,11.0,0.0
423,423.0,0.0571585,38.285139899999955,17.5,11.0,0.0
424,424.0,0.0491788,38.334318699999955,20.3,11.1,0.0
425,425.0,0.048756,38.38307469999995,20.5,11.1,0.0
426,426.0,0.0492875,38.43236219999995,20.3,11.1,0.0
427,427.0,0.0484963,38.48085849999995,20.6,11.1,0.0
428,428.0,0.0485225,38.529380999999944,20.6,11.1,0.0
429,429.0,0.0576357,38.58701669999994,17.4,11.1,0.0
430,430.0,0.0487618,38.635778499999944,20.5,11.1,0.0
431,431.0,0.0488097,38.68458819999994,20.5,11.1,0.0
432,432.0,0.0588091,38.74339729999994,17.0,11.2,0.0
433,433.0,0.0488977,38.79229499999994,20.5,11.2,0.0
434,434.0,0.0487638,38.84105879999994,20.5,11.2,0.0
435,435.0,0.05658,38.89763879999994,17.7,11.2,0.0
436,436.0,0.0496752,38.94731399999994,20.1,11.2,0.0
437,437.0,0.0498302,38.997144199999944,20.1,11.2,0.0
438,438.0,0.051026,39.048170199999944,19.6,11.2,0.0
439,439.0,0.0486525,39.09682269999995,20.6,11.2,0.0
440,440.0,0.0486625,39.145485199999946,20.5,11.2,0.0
441,441.0,0.0486022,39.194087399999944,20.6,11.3,0.0
442,442.0,0.0485289,39.242616299999945,20.6,11.3,0.0
443,443.0,0.0488397,39.29145599999995,20.5,11.3,0.0
444,444.0,0.048774,39.34022999999995,20.5,11.3,0.0
445,445.0,0.0493854,39.38961539999995,20.2,11.3,0.0
446,446.0,0.0520147,39.44163009999995,19.2,11.3,0.0
447,447.0,0.049463,39.49109309999995,20.2,11.3,0.0
448,448.0,0.0488351,39.53992819999995,20.5,11.3,0.0
449,449.0,0.0487296,39.58865779999995,20.5,11.3,0.0
450,450.0,0.0541013,39.64275909999995,18.5,11.4,0.0
451,451.0,0.0491513,39.69191039999995,20.3,11.4,0.0
452,452.0,0.0498522,39.741762599999944,20.1,11.4,0.0
453,453.0,0.0548734,39.79663599999994,18.2,11.4,0.0
454,454.0,0.0488855,39.84552149999994,20.5,11.4,0.0
455,455.0,0.0501372,39.89565869999994,19.9,11.4,0.0
456,456.0,0.0484284,39.94408709999994,20.6,11.4,0.0
457,457.0,0.0487463,39.99283339999994,20.5,11.4,0.0
458,458.0,0.0640769,40.05691029999994,15.6,11.4,0.0
459,459.0,0.0489082,40.10581849999994,20.4,11.4,0.0
460,460.0,0.0482935,40.15411199999994,20.7,11.5,0.0
461,461.0,0.0489018,40.203013799999944,20.4,11.5,0.0
462,462.0,0.0486149,40.25162869999994,20.6,11.5,0.0
463,463.0,0.0486871,40.30031579999994,20.5,11.5,0.0
464,464.0,0.0486156,40.34893139999994,20.6,11.5,0.0
465,465.0,0.0486199,40.39755129999994,20.6,11.5,0.0
466,466.0,0.0485315,40.44608279999994,20.6,11.5,0.0
467,467.0,0.0486721,40.49475489999994,20.5,11.5,0.0
468,468.0,0.0512616,40.546016499999936,19.5,11.5,0.0
469,469.0,0.0491283,40.595144799999936,20.4,11.6,0.0
470,470.0,0.0488356,40.64398039999993,20.5,11.6,0.0
471,471.0,0.0525293,40.696509699999936,19.0,11.6,0.0
472,472.0,0.0488724,40.74538209999994,20.5,11.6,0.0
473,473.0,0.0552908,40.80067289999994,18.1,11.6,0.0
474,474.0,0.0490909,40.84976379999994,20.4,11.6,0.0
475,475.0,0.0485613,40.898325099999944,20.6,11.6,0.0
476,476.0,0.0530236,40.95134869999995,18.9,11.6,0.0
477,477.0,0.0488814,41.000230099999946,20.5,11.6,0.0
478,478.0,0.0486358,41.048865899999946,20.6,11.6,0.0
479,479.0,0.0532287,41.102094599999944,18.8,11.7,0.0
480,480.0,0.0488536,41.150948199999945,20.5,11.7,0.0
481,481.0,0.0500173,41.200965499999946,20.0,11.7,0.0
482,482.0,0.0487562,41.249721699999945,20.5,11.7,0.0
483,483.0,0.0484728,41.298194499999944,20.6,11.7,0.0
484,484.0,0.0488576,41.34705209999994,20.5,11.7,0.0
485,485.0,0.0545519,41.40160399999994,18.3,11.7,0.0
486,486.0,0.0832435,41.484847499999944,12.0,11.7,1.0
487,487.0,0.0486631,41.53351059999994,20.5,11.7,0.0
488,488.0,0.0555152,41.589025799999945,18.0,11.7,0.0
489,489.0,0.0833926,41.67241839999995,12.0,11.7,1.0
490,490.0,0.119681,41.79209939999995,8.4,11.7,1.0
491,491.0,0.0484815,41.84058089999995,20.6,11.7,0.0
492,492.0,0.0831219,41.92370279999995,12.0,11.7,1.0
493,493.0,0.1204113,42.04411409999995,8.3,11.7,1.0
494,494.0,0.0492233,42.09333739999995,20.3,11.7,0.0
495,495.0,0.0888326,42.18216999999996,11.3,11.7,1.0
496,496.0,0.1234807,42.30565069999996,8.1,11.7,1.0
497,497.0,0.0487372,42.354387899999956,20.5,11.7,0.0
498,498.0,0.0994125,42.453800399999956,10.1,11.7,1.0
499,499.0,0.1185813,42.57238169999996,8.4,11.7,1.0
500,500.0,0.0855904,42.65797209999996,11.7,11.7,1.0
501,501.0,0.0830133,42.74098539999996,12.0,11.7,1.0
502,502.0,0.1204969,42.861482299999956,8.3,11.7,1.0
503,503.0,0.0860924,42.947574699999954,11.6,11.7,1.0
504,504.0,0.1166075,43.064182199999955,8.6,11.7,1.0
505,505.0,0.1245751,43.188757299999956,8.0,11.7,1.0
506,506.0,0.1178859,43.306643199999954,8.5,11.7,1.0
507,507.0,0.1197893,43.426432499999954,8.3,11.7,1.0
508,508.0,0.0834315,43.50986399999996,12.0,11.7,1.0
509,509.0,0.1223317,43.632195699999954,8.2,11.7,1.0
510,510.0,0.1183336,43.750529299999954,8.5,11.7,1.0
511,511.0,0.0854803,43.836009599999954,11.7,11.7,1.0
512,512.0,0.1173276,43.95333719999996,8.5,11.6,1.0
513,513.0,0.1195682,44.07290539999996,8.4,11.6,1.0
514,514.0,0.1341276,44.20703299999996,7.5,11.6,1.0
515,515.0,0.1198375,44.32687049999996,8.3,11.6,1.0
516,516.0,0.1208369,44.44770739999996,8.3,11.6,1.0
517,517.0,0.1801963,44.62790369999996,5.5,11.6,1.0
518,518.0,0.1220291,44.74993279999996,8.2,11.6,1.0
519,519.0,0.0851438,44.83507659999996,11.7,11.6,1.0
520,520.0,0.1171355,44.95221209999996,8.5,11.6,1.0
521,521.0,0.118843,45.07105509999996,8.4,11.6,1.0
522,522.0,0.1187634,45.18981849999996,8.4,11.6,1.0
523,523.0,0.1191673,45.30898579999996,8.4,11.5,1.0
524,524.0,0.0850188,45.39400459999996,11.8,11.5,1.0
525,525.0,0.1277754,45.52177999999996,7.8,11.5,1.0
526,526.0,0.1174219,45.639201899999954,8.5,11.5,1.0
527,527.0,0.1199732,45.75917509999995,8.3,11.5,1.0
528,528.0,0.1188871,45.87806219999995,8.4,11.5,1.0
529,529.0,0.1186149,45.99667709999995,8.4,11.5,1.0
530,530.0,0.1213603,46.11803739999995,8.2,11.5,1.0
531,531.0,0.0836477,46.20168509999995,12.0,11.5,1.0
532,532.0,0.119154,46.32083909999995,8.4,11.5,1.0
533,533.0,0.1168694,46.43770849999995,8.6,11.5,1.0
534,534.0,0.1196866,46.55739509999995,8.4,11.5,1.0
535,535.0,0.1186164,46.67601149999995,8.4,11.5,1.0
536,536.0,0.1187573,46.79476879999995,8.4,11.5,1.0
537,537.0,0.1292212,46.923989999999954,7.7,11.4,1.0
538,538.0,0.1195609,47.04355089999996,8.4,11.4,1.0
539,539.0,0.119835,47.16338589999996,8.3,11.4,1.0
540,540.0,0.1178718,47.28125769999996,8.5,11.4,1.0
541,541.0,0.1203006,47.40155829999996,8.3,11.4,1.0
542,542.0,0.0836265,47.48518479999996,12.0,11.4,1.0
543,543.0,0.1190414,47.604226199999964,8.4,11.4,1.0
544,544.0,0.1174175,47.721643699999966,8.5,11.4,1.0
545,545.0,0.119801,47.84144469999997,8.3,11.4,1.0
546,546.0,0.1175129,47.95895759999997,8.5,11.4,1.0
547,547.0,0.119251,48.07820859999997,8.4,11.4,1.0
548,548.0,0.1175253,48.195733899999965,8.5,11.4,1.0
549,549.0,0.1202019,48.31593579999996,8.3,11.4,1.0
550,550.0,0.1196589,48.43559469999996,8.4,11.4,1.0
551,551.0,0.1180636,48.55365829999996,8.5,11.3,1.0
552,552.0,0.1195131,48.67317139999996,8.4,11.3,1.0
553,553.0,0.1179108,48.791082199999956,8.5,11.3,1.0
554,554.0,0.1191518,48.91023399999995,8.4,11.3,1.0
555,555.0,0.1174426,49.02767659999995,8.5,11.3,1.0
556,556.0,0.1234851,49.15116169999995,8.1,11.3,1.0
557,557.0,0.1197719,49.27093359999996,8.3,11.3,1.0
558,558.0,0.1180664,49.38899999999995,8.5,11.3,1.0
559,559.0,0.1197974,49.508797399999956,8.3,11.3,1.0
560,560.0,0.1305985,49.639395899999954,7.7,11.3,1.0
561,561.0,0.1187052,49.758101099999955,8.4,11.3,1.0
562,562.0,0.1285439,49.88664499999995,7.8,11.3,1.0
563,563.0,0.1192994,50.005944399999954,8.4,11.3,1.0
564,564.0,0.1188673,50.12481169999995,8.4,11.3,1.0
565,565.0,0.1173477,50.242159399999956,8.5,11.2,1.0
566,566.0,0.1491456,50.39130499999995,6.7,11.2,1.0
567,567.0,0.1875622,50.578867199999955,5.3,11.2,2.0
568,568.0,0.1178101,50.696677299999955,8.5,11.2,1.0
569,569.0,0.1896531,50.886330399999956,5.3,11.2,2.0
570,570.0,0.1885212,51.07485159999995,5.3,11.2,2.0
571,571.0,0.2827349,51.357586499999954,3.5,11.1,2.0
572,572.0,0.185616,51.54320249999996,5.4,11.1,2.0
573,573.0,0.1867804,51.72998289999996,5.4,11.1,2.0
574,574.0,0.1530414,51.88302429999996,6.5,11.1,2.0
575,575.0,0.1870732,52.07009749999996,5.3,11.0,2.0
576,576.0,0.1876636,52.25776109999996,5.3,11.0,2.0
577,577.0,0.1889883,52.44674939999996,5.3,11.0,2.0
578,578.0,0.1886764,52.63542579999996,5.3,11.0,2.0
579,579.0,0.1880747,52.82350049999996,5.3,11.0,2.0
580,580.0,0.1172937,52.94079419999996,8.5,11.0,1.0
581,581.0,0.0488726,52.98966679999996,20.5,11.0,0.0
582,582.0,0.0503305,53.03999729999996,19.9,11.0,0.0
583,583.0,0.0488998,53.08889709999996,20.4,11.0,0.0
584,584.0,0.0486744,53.137571499999964,20.5,11.0,0.0
585,585.0,0.056155,53.19372649999996,17.8,11.0,0.0
586,586.0,0.0488076,53.242534099999965,20.5,11.0,0.0
587,587.0,0.0488917,53.29142579999996,20.5,11.0,0.0
588,588.0,0.0599906,53.35141639999996,16.7,11.0,0.0
589,589.0,0.0488645,53.40028089999996,20.5,11.0,0.0
590,590.0,0.0489099,53.44919079999996,20.4,11.0,0.0
591,591.0,0.0486813,53.49787209999996,20.5,11.0,0.0
592,592.0,0.0487574,53.54662949999996,20.5,11.1,0.0
593,593.0,0.0486254,53.59525489999996,20.6,11.1,0.0
594,594.0,0.0563536,53.65160849999996,17.7,11.1,0.0
595,595.0,0.0487553,53.70036379999996,20.5,11.1,0.0
596,596.0,0.0483714,53.74873519999996,20.7,11.1,0.0
597,597.0,0.0558683,53.80460349999996,17.9,11.1,0.0
598,598.0,0.0492373,53.853840799999965,20.3,11.1,0.0
599,599.0,0.0497387,53.903579499999964,20.1,11.1,0.0
600,600.0,0.0559783,53.95955779999996,17.9,11.1,0.0
601,601.0,0.0482646,54.00782239999997,20.7,11.1,0.0
602,602.0,0.0479414,54.055763799999966,20.9,11.1,0.0
603,603.0,0.0484036,54.104167399999966,20.7,11.1,0.0
604,604.0,0.0481015,54.15226889999997,20.8,11.2,0.0
605,605.0,0.0485871,54.200855999999966,20.6,11.2,0.0
